종목명,업종명
AJ네트웍스,서비스업
AK홀딩스,기타금융
BGF,기타금융
BGF리테일,유통업
BNK금융지주,기타금융
BYC,섬유의복
BYC우,섬유의복
CJ,기타금융
CJ CGV,서비스업
CJ4우(전환),기타금융
CJ대한통운,운수창고업
CJ씨푸드,음식료품
CJ씨푸드1우,음식료품
CJ우,기타금융
CJ제일제당,음식료품
CJ제일제당 우,음식료품
CR홀딩스,비금속광물
CS홀딩스,기타금융
DB,서비스업
DB금융투자,증권
DB손해보험,보험
DB하이텍,전기전자
DGB금융지주,기타금융
DI동일,유통업
DL,화학
DL건설,건설업
DL우,화학
DL이앤씨,건설업
DL이앤씨2우(전환),건설업
DL이앤씨우,건설업
DN오토모티브,전기전자
DRB동일,화학
DSR,철강금속
DSR제강,철강금속
E1,유통업
ESR켄달스퀘어리츠,서비스업
F&F,섬유의복
F&F홀딩스,기타금융
GKL,서비스업
GS,기타금융
GS건설,건설업
GS글로벌,유통업
GS리테일,유통업
GS우,기타금융
HDC,기타금융
HDC랩스,건설업
HDC현대EP,화학
HDC현대산업개발,건설업
HD한국조선해양,기타금융
HD현대,기타금융
HD현대건설기계,기계
HD현대에너지솔루션,전기전자
HD현대인프라코어,기계
HD현대일렉트릭,전기전자
HD현대중공업,운수장비
HJ중공업,건설업
HL D&I,건설업
HLB글로벌,광업
HL만도,운수장비
HL홀딩스,기타금융
HMM,운수창고업
HSD엔진,기계
HS애드,서비스업
IHQ,서비스업
JB금융지주,기타금융
JW생명과학,의약품
JW중외제약,의약품
JW중외제약2우B,의약품
JW중외제약우,의약품
JW홀딩스,기타금융
KB금융,기타금융
KB스타리츠,서비스업
KCC,화학
KCC글라스,비금속광물
KCTC,운수창고업
KC그린홀딩스,기타금융
KC코트렐,기계
KEC,전기전자
KG모빌리티,운수장비
KG스틸,철강금속
KG케미칼,화학
KH 필룩스,전기전자
KIB플러그에너지,기계
KISCO홀딩스,철강금속
KPX케미칼,화학
KPX홀딩스,화학
KR모터스,운수장비
KSS해운,운수창고업
KT,통신업
KT&G,기타제조업
KTcs,서비스업
KTis,서비스업
LF,섬유의복
LG,기타금융
LG디스플레이,전기전자
LG생활건강,화학
LG생활건강우,화학
LG에너지솔루션,전기전자
LG우,기타금융
LG유플러스,통신업
LG이노텍,전기전자
LG전자,전기전자
LG전자우,전기전자
LG헬로비전,서비스업
LG화학,화학
LG화학우,화학
LIG넥스원,기계
LS,기타금융
LS ELECTRIC,전기전자
LS네트웍스,유통업
LS전선아시아,기타금융
LX세미콘,전기전자
LX인터내셔널,유통업
LX하우시스,화학
LX하우시스우,화학
LX홀딩스,기타금융
LX홀딩스1우,기타금융
MH에탄올,음식료품
NAVER,서비스업
NHN,서비스업
NH올원리츠,서비스업
NH투자증권,증권
NH투자증권우,증권
NH프라임리츠,서비스업
NICE,서비스업
NICE평가정보,서비스업
NI스틸,철강금속
NPC,화학
NPC우,화학
OCI,화학
OCI홀딩스,화학
PI첨단소재,화학
POSCO홀딩스,철강금속
S-Oil,화학
S-Oil우,화학
SBS,서비스업
SGC에너지,전기가스업
SG글로벌,운수장비
SG세계물산,유통업
SHD,철강금속
SH에너지화학,화학
SIMPAC,철강금속
SJM,운수장비
SJM홀딩스,유통업
SK,기타금융
SKC,화학
SK가스,유통업
SK네트웍스,유통업
SK디스커버리,기타금융
SK디스커버리우,기타금융
SK디앤디,서비스업
SK렌터카,서비스업
SK리츠,서비스업
SK바이오사이언스,의약품
SK바이오팜,서비스업
SK스퀘어,기타금융
SK아이이테크놀로지,전기전자
SK오션플랜트,철강금속
SK우,기타금융
SK이노베이션,화학
SK이노베이션우,화학
SK증권,증권
SK증권우,증권
SK케미칼,화학
SK케미칼우,화학
SK텔레콤,통신업
SK하이닉스,전기전자
SNT다이내믹스,운수장비
SNT모티브,운수장비
SNT에너지,기계
SNT홀딩스,기타금융
SPC삼립,음식료품
STX,유통업
STX그린로지스,운수창고업
STX엔진,기계
STX중공업,기계
SUN&L,종이목재
TBH글로벌,섬유의복
TCC스틸,철강금속
TKG휴켐스,화학
TYM,기계
WISCOM,화학
YG PLUS,서비스업
가온전선,전기전자
강남제비스코,화학
강원랜드,서비스업
갤럭시아에스엠,서비스업
경농,화학
경동나비엔,전기전자
경동도시가스,전기가스업
경동인베스트,기타금융
경방,유통업
경보제약,의약품
경인양행,화학
경인전자,전기전자
계룡건설,건설업
계양전기,기계
계양전기우,기계
고려산업,음식료품
고려아연,철강금속
고려제강,철강금속
광동제약,의약품
광명전기,전기전자
광전자,전기전자
광주신세계,유통업
교보증권,증권
교촌에프앤비,유통업
국도화학,화학
국동,유통업
국보,운수창고업
국제약품,의약품
그린케미칼,화학
극동유화,화학
금강공업,철강금속
금강공업우,철강금속
금비,비금속광물
금양,화학
금호건설,건설업
금호건설우,건설업
금호석유,화학
금호석유우,화학
금호에이치티,운수장비
금호전기,전기전자
금호타이어,화학
기신정기,기계
기아,운수장비
기업은행,은행
까뮤이앤씨,건설업
깨끗한나라,종이목재
깨끗한나라우,종이목재
남광토건,건설업
남선알미늄,철강금속
남선알미우,철강금속
남성,유통업
남양유업,음식료품
남양유업우,음식료품
남해화학,화학
넥센,화학
넥센우,화학
넥센타이어,화학
넥센타이어1우B,화학
넥스틸,철강금속
넷마블,서비스업
노루페인트,화학
노루페인트우,화학
노루홀딩스,기타금융
노루홀딩스우,기타금융
녹십자,의약품
녹십자홀딩스,서비스업
녹십자홀딩스2우,서비스업
농심,음식료품
농심홀딩스,기타금융
다스코,기계
다올투자증권,증권
다우기술,서비스업
다이나믹디자인,기계
대교,서비스업
대교우B,서비스업
대구백화점,유통업
대덕,기타금융
대덕1우,기타금융
대덕전자,전기전자
대덕전자1우,전기전자
대동,기계
대동전자,전기전자
대림B&Co,비금속광물
대림통상,기계
대상,음식료품
대상우,음식료품
대상홀딩스,기타금융
대상홀딩스우,기타금융
대성산업,유통업
대성에너지,전기가스업
대성홀딩스,서비스업
대신증권,증권
대신증권2우B,증권
대신증권우,증권
대양금속,철강금속
대영포장,종이목재
대우건설,건설업
대우부품,운수장비
대웅,의약품
대웅제약,의약품
대원강업,운수장비
대원전선,전기전자
대원전선우,전기전자
대원제약,의약품
대원화성,화학
대유에이텍,운수장비
대유플러스,전기전자
대창,철강금속
대창단조,운수장비
대한방직,섬유의복
대한유화,화학
대한전선,전기전자
대한제강,철강금속
대한제당,음식료품
대한제당우,음식료품
대한제분,음식료품
대한항공,운수창고업
대한항공우,운수창고업
대한해운,운수창고업
대한화섬,화학
대현,섬유의복
대호에이엘,철강금속
더블유게임즈,서비스업
더존비즈온,서비스업
덕성,화학
덕성우,화학
덕양산업,운수장비
덴티움,의료정밀
도화엔지니어링,서비스업
동국씨엠,철강금속
동국제강,철강금속
동국홀딩스,철강금속
동남합성,화학
동방,운수창고업
동방아그로,화학
동부건설,건설업
동부건설우,건설업
동서,유통업
동성제약,의약품
동성케미컬,서비스업
동아쏘시오홀딩스,기타금융
동아에스티,의약품
동아지질,건설업
동아타이어,화학
동양,비금속광물
동양2우B,비금속광물
동양고속,운수창고업
동양생명,보험
동양우,비금속광물
동양철관,철강금속
동양피스톤,운수장비
동원F&B,음식료품
동원금속,운수장비
동원산업,기타금융
동원수산,"농업, 임업 및 어업"
동원시스템즈,화학
동원시스템즈우,화학
동일고무벨트,화학
동일산업,철강금속
동일제강,철강금속
동화약품,의약품
두산,기타금융
두산2우B,기타금융
두산로보틱스,기계
두산밥캣,기계
두산에너빌리티,기계
두산우,기타금융
두산퓨얼셀,전기전자
두산퓨얼셀1우,전기전자
두산퓨얼셀2우B,전기전자
두올,운수장비
드림텍,전기전자
디씨엠,철강금속
디아이,의료정밀
디아이씨,운수장비
디앤디플랫폼리츠,서비스업
디와이,기타금융
디와이파워,기계
락앤락,화학
롯데관광개발,서비스업
롯데렌탈,서비스업
롯데리츠,서비스업
롯데손해보험,보험
롯데쇼핑,유통업
롯데에너지머티리얼즈,전기전자
롯데웰푸드,음식료품
롯데정밀화학,화학
롯데정보통신,서비스업
롯데지주,기타금융
롯데지주우,기타금융
롯데칠성,음식료품
롯데칠성우,음식료품
롯데케미칼,화학
롯데하이마트,유통업
마니커,음식료품
마스턴프리미어리츠,서비스업
만호제강,철강금속
맥쿼리인프라,기타금융
맵스리얼티1,기타금융
메리츠금융지주,기타금융
메타랩스,섬유의복
명문제약,의약품
명신산업,운수장비
모나리자,종이목재
모나미,유통업
모두투어리츠,서비스업
모토닉,운수장비
무림P&P,종이목재
무림페이퍼,종이목재
무학,음식료품
문배철강,철강금속
미래산업,의료정밀
미래아이앤지,서비스업
미래에셋글로벌리츠,서비스업
미래에셋맵스리츠,서비스업
미래에셋생명,보험
미래에셋증권,증권
미래에셋증권2우B,증권
미래에셋증권우,증권
미원상사,화학
미원에스씨,화학
미원홀딩스,기타금융
미원화학,화학
미창석유,화학
바다로19호,서비스업
바이오노트,의약품
방림,섬유의복
백광산업,화학
백산,화학
범양건영,건설업
벽산,비금속광물
보락,화학
보령,의약품
보해양조,음식료품
부광약품,의약품
부국증권,증권
부국증권우,증권
부국철강,철강금속
부산산업,비금속광물
부산주공,운수장비
비비안,섬유의복
비상교육,서비스업
비에이치,전기전자
비케이탑스,서비스업
빙그레,음식료품
사조대림,음식료품
사조동아원,음식료품
사조산업,"농업, 임업 및 어업"
사조씨푸드,음식료품
사조오양,음식료품
삼부토건,건설업
삼성FN리츠,서비스업
삼성SDI,전기전자
삼성SDI우,전기전자
삼성공조,운수장비
삼성물산,유통업
삼성물산우B,유통업
삼성바이오로직스,의약품
삼성생명,보험
삼성에스디에스,서비스업
삼성엔지니어링,서비스업
삼성전기,전기전자
삼성전기우,전기전자
삼성전자,전기전자
삼성전자우,전기전자
삼성제약,의약품
삼성중공업,운수장비
삼성증권,증권
삼성출판사,서비스업
삼성카드,기타금융
삼성화재,보험
삼성화재우,보험
삼아알미늄,철강금속
삼양사,음식료품
삼양사우,음식료품
삼양식품,음식료품
삼양통상,기타제조업
삼양패키징,화학
삼양홀딩스,기타금융
삼양홀딩스우,기타금융
삼영,화학
삼영무역,유통업
삼영전자,전기전자
삼원강재,운수장비
삼익THK,기계
삼익악기,기타제조업
삼일씨엔에스,비금속광물
삼일제약,의약품
삼정펄프,종이목재
삼진제약,의약품
삼천리,전기가스업
삼호개발,건설업
삼화왕관,기계
삼화전기,전기전자
삼화전자,전기전자
삼화콘덴서,전기전자
삼화페인트,화학
상상인증권,증권
상신브레이크,운수장비
새론오토모티브,운수장비
샘표,기타금융
샘표식품,음식료품
서연,기타금융
서연이화,운수장비
서울가스,전기가스업
서울식품,음식료품
서울식품우,음식료품
서원,철강금속
서흥,화학
선도전기,전기전자
선진,음식료품
성문전자,전기전자
성문전자우,전기전자
성보화학,화학
성신양회,비금속광물
성신양회우,비금속광물
성안,섬유의복
성창기업지주,서비스업
세기상사,유통업
세방,운수창고업
세방우,운수창고업
세방전지,전기전자
세아베스틸지주,철강금속
세아제강,철강금속
세아제강지주,기타금융
세아특수강,철강금속
세아홀딩스,철강금속
세우글로벌,유통업
세원이앤씨,기계
세원정공,운수장비
세이브존I&C,유통업
세종공업,운수장비
세진중공업,운수장비
셀트리온,의약품
솔루스첨단소재,전기전자
솔루스첨단소재1우,전기전자
솔루스첨단소재2우B,전기전자
솔루엠,전기전자
송원산업,화학
수산인더스트리,건설업
수산중공업,기계
스카이라이프,서비스업
스틱인베스트먼트,기타금융
시디즈,기타제조업
신대양제지,종이목재
신도리코,전기전자
신라교역,"농업, 임업 및 어업"
신성이엔지,전기전자
신성통상,유통업
신세계,유통업
신세계 I&C,서비스업
신세계건설,건설업
신세계인터내셔날,유통업
신세계푸드,서비스업
신송홀딩스,유통업
신영와코루,섬유의복
신영증권,증권
신영증권우,증권
신원,섬유의복
신일전자,유통업
신풍,유통업
신풍제약,의약품
신풍제약우,의약품
신한서부티엔디리츠,서비스업
신한알파리츠,서비스업
신한지주,기타금융
신흥,유통업
쌍방울,섬유의복
쌍용C&E,비금속광물
써니전자,전기전자
쏘카,서비스업
씨아이테크,기타제조업
씨에스윈드,기계
씨티알모빌리티,운수장비
아남전자,전기전자
아모레G,화학
아모레G3우(전환),화학
아모레G우,화학
아모레퍼시픽,화학
아모레퍼시픽우,화학
아세아,서비스업
아세아시멘트,비금속광물
아세아제지,종이목재
아센디오,서비스업
아시아나IDT,서비스업
아시아나항공,운수창고업
아이마켓코리아,유통업
아이에스동서,비금속광물
아주스틸,철강금속
알루코,철강금속
애경산업,화학
애경케미칼,화학
에넥스,기타제조업
에스디바이오센서,의료정밀
에스메디,유통업
에스엘,운수장비
에스엠벡셀,운수장비
에스원,서비스업
에쓰씨엔지니어링,건설업
에어부산,운수창고업
에이리츠,서비스업
에이블씨엔씨,화학
에이엔피,전기전자
에이프로젠,기계
에이프로젠바이오로직스,의약품
에이플러스에셋,기타금융
에코바이브,서비스업
엔씨소프트,서비스업
엔에이치스팩19호,기타금융
엔케이,기계
엘브이엠씨홀딩스,유통업
엠씨넥스,전기전자
영보화학,화학
영원무역,유통업
영원무역홀딩스,기타금융
영진약품,의약품
영풍,철강금속
영풍제지,종이목재
영화금속,운수장비
영흥,철강금속
예스코홀딩스,서비스업
오뚜기,음식료품
오리엔트바이오,의약품
오리온,음식료품
오리온홀딩스,기타금융
와이투솔루션,전기전자
용평리조트,서비스업
우리금융지주,기타금융
우성,음식료품
우신시스템,기계
우진,의료정밀
우진아이엔에스,건설업
우진플라임,기계
웅진,서비스업
웅진씽크빅,서비스업
원림,섬유의복
웰바이오텍,유통업
윌비스,유통업
유나이티드제약,의약품
유니드,화학
유니드비티플러스,종이목재
유니온,비금속광물
유니온머티리얼,비금속광물
유니켐,기타제조업
유니퀘스트,유통업
유성기업,운수장비
유수홀딩스,서비스업
유안타증권,증권
유안타증권우,증권
유엔젤,서비스업
유유제약,의약품
유유제약1우,의약품
유유제약2우B,의약품
유진투자증권,증권
유한양행,의약품
유한양행우,의약품
유화증권,증권
유화증권우,증권
율촌화학,화학
이건산업,종이목재
이구산업,철강금속
이노션,서비스업
이리츠코크렙,서비스업
이마트,유통업
이수스페셜티케미컬,화학
이수페타시스,전기전자
이수화학,화학
이스타코,서비스업
이아이디,유통업
이엔플러스,기계
이연제약,의약품
이월드,기타제조업
이지스레지던스리츠,서비스업
이지스밸류리츠,서비스업
이화산업,유통업
인디에프,섬유의복
인바이오젠,유통업
인스코비,통신업
인지컨트롤스,운수장비
인천도시가스,전기가스업
인터지스,운수창고업
인팩,운수장비
일동제약,의약품
일동홀딩스,의약품
일성건설,건설업
일성신약,의약품
일신방직,섬유의복
일신석재,유통업
일양약품,의약품
일양약품우,의약품
일정실업,섬유의복
일진다이아,화학
일진디스플,전기전자
일진전기,전기전자
일진하이솔루스,운수장비
일진홀딩스,기타금융
잇츠한불,화학
자이에스앤디,서비스업
자화전자,전기전자
전방,섬유의복
제이알글로벌리츠,서비스업
제이에스코퍼레이션,기타제조업
제이준코스메틱,화학
제일기획,서비스업
제일약품,의약품
제일연마,비금속광물
제일파마홀딩스,서비스업
제주은행,은행
제주항공,운수창고업
조광페인트,화학
조광피혁,기타제조업
조비,화학
조선내화,비금속광물
조선선재,기계
조일알미늄,철강금속
조흥,음식료품
종근당,의약품
종근당바이오,의약품
종근당홀딩스,의약품
주연테크,전기전자
지누스,기타제조업
지엠비코리아,운수장비
지역난방공사,전기가스업
진도,유통업
진양산업,화학
진양폴리,화학
진양홀딩스,화학
진양화학,화학
진에어,운수창고업
진원생명과학,의약품
진흥기업,건설업
진흥기업2우B,건설업
진흥기업우B,건설업
참엔지니어링,기계
천일고속,운수창고업
청호ICT,기계
체시스,운수장비
카카오,서비스업
카카오뱅크,은행
카카오페이,기타금융
카프로,화학
컨버즈,전기전자
케이비아이동국실업,운수장비
케이씨,의료정밀
케이씨텍,의료정밀
케이카,유통업
케이탑리츠,서비스업
코람코더원리츠,서비스업
코람코라이프인프라리츠,서비스업
코리아써우,전기전자
코리아써키트,전기전자
코리아써키트2우B,전기전자
코리안리,보험
코스맥스,화학
코스맥스비티아이,기타금융
코스모신소재,화학
코스모화학,화학
코아스,기타제조업
코오롱,기타금융
코오롱글로벌,건설업
코오롱글로벌우,건설업
코오롱모빌리티그룹,유통업
코오롱모빌리티그룹우,유통업
코오롱우,기타금융
코오롱인더,화학
코오롱인더우,화학
코오롱플라스틱,화학
코웨이,서비스업
콘텐트리중앙,서비스업
콤텍시스템,서비스업
쿠쿠홀딩스,기타금융
쿠쿠홈시스,서비스업
크라운제과,음식료품
크라운제과우,음식료품
크라운해태홀딩스,기타금융
크라운해태홀딩스우,기타금융
크래프톤,서비스업
키다리스튜디오,서비스업
키움증권,증권
태경비케이,비금속광물
태경산업,화학
태경케미컬,화학
태광산업,화학
태림포장,종이목재
태양금속,운수장비
태양금속우,운수장비
태영건설,건설업
태영건설우,건설업
태원물산,운수장비
태평양물산,섬유의복
테이팩스,화학
텔코웨어,서비스업
토니모리,화학
티에이치엔,전기전자
티와이홀딩스,기타금융
티와이홀딩스우,기타금융
티웨이항공,운수창고업
티웨이홀딩스,비금속광물
파미셀,의약품
팜스코,음식료품
팜젠사이언스,의약품
팬오션,운수창고업
퍼스텍,기계
퍼시스,기타제조업
페이퍼코리아,종이목재
평화산업,운수장비
평화홀딩스,운수장비
포스코스틸리온,철강금속
포스코인터내셔널,유통업
포스코퓨처엠,전기전자
풀무원,음식료품
풍산,철강금속
풍산홀딩스,기타금융
프레스티지바이오파마,서비스업
플레이그램,유통업
하나금융지주,기타금융
하나제약,의약품
하나투어,서비스업
하이브,서비스업
하이스틸,철강금속
하이트론,전기전자
하이트진로,음식료품
하이트진로2우B,음식료품
하이트진로홀딩스,기타금융
하이트진로홀딩스우,기타금융
한국ANKOR유전,기타금융
한국가스공사,전기가스업
한국공항,운수창고업
한국금융지주,기타금융
한국금융지주우,기타금융
한국내화,비금속광물
한국단자,전기전자
한국무브넥스,운수장비
한국석유,비금속광물
한국수출포장,종이목재
한국쉘석유,화학
한국앤컴퍼니,기타금융
한국자산신탁,기타금융
한국전력,전기가스업
한국전자홀딩스,기타금융
한국제지,종이목재
한국종합기술,서비스업
한국주강,기계
한국주철관,철강금속
한국철강,철강금속
한국카본,기계
한국콜마,화학
한국콜마홀딩스,기타금융
한국타이어앤테크놀로지,화학
한국토지신탁,기타금융
한국특강,철강금속
한국패러랠,기타금융
한국항공우주,운수장비
한국화장품,유통업
한국화장품제조,화학
한농화성,화학
한독,의약품
한미글로벌,서비스업
한미반도체,기계
한미사이언스,기타금융
한미약품,의약품
한샘,유통업
한섬,섬유의복
한성기업,음식료품
한세실업,섬유의복
한세엠케이,유통업
한세예스24홀딩스,섬유의복
한솔PNS,유통업
한솔로지스틱스,운수창고업
한솔제지,종이목재
한솔케미칼,화학
한솔테크닉스,전기전자
한솔홀딩스,기타금융
한솔홈데코,종이목재
한신공영,건설업
한신기계,기계
한양증권,증권
한양증권우,증권
한온시스템,기계
한올바이오파마,의약품
한익스프레스,운수창고업
한일시멘트,비금속광물
한일철강,철강금속
한일현대시멘트,비금속광물
한일홀딩스,비금속광물
한전KPS,건설업
한전기술,서비스업
한전산업,서비스업
한진,운수창고업
한진중공업홀딩스,전기가스업
한진칼,운수창고업
한진칼우,운수창고업
한창,유통업
한창제지,종이목재
한컴라이프케어,의료정밀
한화,화학
한화3우B,화학
한화갤러리아,유통업
한화갤러리아우,유통업
한화리츠,서비스업
한화생명,보험
한화손해보험,보험
한화솔루션,화학
한화솔루션우,화학
한화시스템,전기전자
한화에어로스페이스,운수장비
한화오션,운수장비
한화우,화학
한화투자증권,증권
한화투자증권우,증권
해성디에스,전기전자
해태제과식품,음식료품
핸즈코퍼레이션,운수장비
현대건설,건설업
현대건설우,건설업
현대그린푸드,유통업
현대글로비스,운수창고업
현대로템,운수장비
현대리바트,기타제조업
현대모비스,운수장비
현대미포조선,운수장비
현대백화점,유통업
현대비앤지스틸,철강금속
현대약품,의약품
현대엘리베이,기계
현대오토에버,서비스업
현대위아,운수장비
현대제철,철강금속
현대지에프홀딩스,기타금융
현대차,운수장비
현대차2우B,운수장비
현대차3우B,운수장비
현대차우,운수장비
현대차증권,증권
현대코퍼레이션,유통업
현대코퍼레이션홀딩스,유통업
현대퓨처넷,통신업
현대해상,보험
현대홈쇼핑,유통업
형지엘리트,섬유의복
혜인,유통업
호전실업,섬유의복
호텔신라,유통업
호텔신라우,유통업
화성산업,건설업
화승알앤에이,운수장비
화승엔터프라이즈,기타제조업
화승인더,화학
화승코퍼레이션,운수장비
화신,운수장비
화인베스틸,철강금속
화천기계,기계
화천기공,기계
환인제약,의약품
황금에스티,철강금속
효성,기타금융
효성ITX,서비스업
효성중공업,전기전자
효성첨단소재,화학
효성티앤씨,화학
효성화학,화학
후성,화학
휠라홀딩스,유통업
휴니드,전기전자
휴비스,화학
휴스틸,철강금속
흥국화재,보험
흥국화재우,보험
흥아해운,운수창고업
3S,기계·장비
APS,금융
AP시스템,반도체
AP위성,통신장비
BGF에코머티리얼즈,화학
CBI,운송장비·부품
CG인바이츠,기타서비스
CJ ENM,방송서비스
CJ 바이오사이언스,기타서비스
CJ프레시웨이,유통
CMG제약,제약
CNH,금융
CNT85,건설
CS,통신장비
CSA 코스믹,화학
DB금융스팩10호,금융
DB금융스팩11호,금융
DB금융스팩9호,금융
DGP,전기·가스·수도
DH오토웨어,일반전기전자
DMS,기계·장비
DSC인베스트먼트,금융
DSEN,유통
DXVX,기타서비스
EDGC,기타서비스
EG,화학
ES큐브,유통
FSN,출판·매체복제
GH신소재,섬유·의류
GRT,금융
GST,반도체
HB솔루션,기계·장비
HB테크놀러지,기계·장비
HK이노엔,제약
HLB,제약
HLB바이오스텝,기타서비스
HLB생명과학,제약
HLB이노베이션,반도체
HLB제약,기타서비스
HLB테라퓨틱스,유통
HLB파나진,의료·정밀기기
HPSP,반도체
HRS,화학
IBKS제17호스팩,금융
IBKS제19호스팩,금융
IBKS제20호스팩,금융
IBKS제21호스팩,금융
IBKS제22호스팩,금융
ISC,반도체
ITX-AI,통신장비
JTC,유통
JW신약,제약
JYP Ent.,오락·문화
KBG,화학
KBI메탈,금속
KB오토시스,운송장비·부품
KB제25호스팩,금융
KB제26호스팩,금융
KCC건설,건설
KCI,화학
KD,건설
KG ETS,화학
KG모빌리언스,소프트웨어
KG이니시스,소프트웨어
KH 건설,건설
KH 전자,일반전기전자
KH바텍,IT부품
KNN,방송서비스
KX,방송서비스
KX하이텍,반도체
LB루셈,반도체
LB세미콘,반도체
LB인베스트먼트,금융
LS마린솔루션,건설
MDS테크,소프트웨어
MIT,일반전기전자
NEW,오락·문화
NE능률,출판·매체복제
NHN KCP,소프트웨어
NHN벅스,디지털컨텐츠
PN풍년,유통
RFHIC,일반전기전자
RF머트리얼즈,기타제조
S&K폴리텍,IT부품
SAMG엔터,오락·문화
SBI인베스트먼트,금융
SBI핀테크솔루션즈,출판·매체복제
SBS콘텐츠허브,오락·문화
SBW생명과학,IT부품
SCI평가정보,기타서비스
SDN,유통
SFA반도체,반도체
SG,비금속
SG&G,운송
SGA,소프트웨어
SGA솔루션즈,소프트웨어
SGC이테크건설,건설
SM C&C,방송서비스
SM Life Design,출판·매체복제
SV인베스트먼트,금융
THE E&M,인터넷
THE MIDONG,정보기기
TJ미디어,일반전기전자
TKG애강,화학
TPC,기계·장비
TS인베스트먼트,금융
TS트릴리온,화학
YBM넷,기타서비스
YTN,방송서비스
YW,유통
iMBC,디지털컨텐츠
가비아,인터넷
가온그룹,통신장비
가온칩스,반도체
감성코퍼레이션,유통
강스템바이오텍,제약
강원에너지,금속
갤럭시아머니트리,소프트웨어
경남스틸,금속
경남제약,제약
경동제약,제약
경창산업,운송장비·부품
고려시멘트,비금속
고려신용정보,기타서비스
고려제약,제약
고바이오랩,기타서비스
고영,기계·장비
골드앤에스,출판·매체복제
골든센츄리,금융
골프존,소프트웨어
골프존뉴딘홀딩스,유통
공구우먼,섬유·의류
광림,운송장비·부품
광무,통신장비
광진실업,금속
교보11호스팩,금융
교보12호스팩,금융
교보13호스팩,금융
교보14호스팩,금융
구영테크,운송장비·부품
국보디자인,건설
국순당,음식료·담배
국영지앤엠,비금속
국일신동,금속
국일제지,종이·목재
국전약품,제약
그래디언트,유통
그리티,섬유·의류
그린생명과학,제약
그린플러스,금속
글로벌에스엠,금융
글로벌텍스프리,금융
글로본,유통
금강철강,금속
금양그린파워,건설
금화피에스시,건설
기가레인,반도체
기가비스,반도체
기산텔레콤,통신장비
까스텔바작,유통
꿈비,기타제조
나노,화학
나노브릭,화학
나노신소재,화학
나노씨엠에스,일반전기전자
나노엔텍,의료·정밀기기
나노캠텍,화학
나노팀,기계·장비
나라셀라,유통
나라엠앤디,기계·장비
나래나노텍,기계·장비
나무가,IT부품
나무기술,출판·매체복제
나스미디어,기타서비스
나우IB,금융
나이벡,제약
나이스디앤비,기타서비스
나이스정보통신,통신서비스
나인테크,IT부품
남화산업,오락·문화
남화토건,건설
내츄럴엔도텍,기타서비스
네오리진,소프트웨어
네오셈,반도체
네오오토,운송장비·부품
네오위즈,디지털컨텐츠
네오위즈홀딩스,디지털컨텐츠
네오이뮨텍,기타서비스
네오크레마,음식료·담배
네오티스,운송장비·부품
네오팜,화학
네오펙트,의료·정밀기기
네온테크,기계·장비
네이블,소프트웨어
네이처셀,제약
네패스,반도체
네패스아크,반도체
넥스턴바이오,기계·장비
넥스트아이,의료·정밀기기
넥스트칩,반도체
넥스틴,반도체
넥슨게임즈,디지털컨텐츠
넵튠,출판·매체복제
노랑풍선,기타서비스
노바렉스,음식료·담배
노바텍,기타제조
노블엠앤비,의료·정밀기기
노을,의료·정밀기기
녹십자엠에스,제약
녹십자웰빙,제약
녹원씨엔아이,출판·매체복제
농우바이오,"농업, 임업 및 어업"
누리플랜,금속
누리플렉스,소프트웨어
누보,화학
뉴로메카,기계·장비
뉴보텍,화학
뉴인텍,운송장비·부품
뉴지랩파마,유통
뉴트리,음식료·담배
뉴파워프라즈마,기계·장비
뉴프렉스,IT부품
다날,디지털컨텐츠
다보링크,통신장비
다산네트웍스,통신장비
다산솔루에타,IT부품
다우데이타,유통
다원시스,IT부품
대동금속,금속
대동기어,기계·장비
대동스틸,금속
대륙제관,금속
대림제지,종이·목재
대명소노시즌,유통
대명에너지,건설
대모,기계·장비
대보마그네틱,기계·장비
대봉엘에스,제약
대성미생물,제약
대성창투,금융
대성파인텍,운송장비·부품
대성하이텍,기계·장비
대신밸런스제13호스팩,금융
대신밸런스제14호스팩,금융
대신밸런스제15호스팩,금융
대신밸런스제16호스팩,금융
대신정보통신,컴퓨터서비스
대아티아이,일반전기전자
대양전기공업,운송장비·부품
대양제지,종이·목재
대원,건설
대원미디어,유통
대원산업,운송장비·부품
대유,화학
대유에이피,운송장비·부품
대정화금,화학
대주산업,음식료·담배
대주전자재료,IT부품
대창솔루션,금속
대창스틸,금속
대한과학,유통
대한광통신,일반전기전자
대한뉴팜,제약
대한약품,제약
대호특수강,금속
대호특수강우,금속
대화제약,제약
더네이쳐홀딩스,섬유·의류
더라미,기타서비스
더블유씨피,일반전기전자
더블유에스아이,유통
더코디,반도체
덕산네오룩스,반도체
덕산테코피아,반도체
덕산하이메탈,일반전기전자
덕신하우징,금속
덕우전자,일반전기전자
데브시스터즈,디지털컨텐츠
데이타솔루션,정보기기
덱스터,오락·문화
덴티스,의료·정밀기기
도이치모터스,유통
동구바이오제약,제약
동국S&C,금속
동국산업,금속
동국알앤에스,비금속
동국제약,제약
동방선기,운송장비·부품
동성화인텍,화학
동신건설,건설
동아엘텍,기계·장비
동아화성,화학
동양에스텍,금속
동양이엔피,IT부품
동양파일,비금속
동우팜투테이블,음식료·담배
동운아나텍,반도체
동원개발,건설
동일금속,금속
동일기연,IT부품
동일철강,금속
동진쎄미켐,반도체
동화기업,종이·목재
두산테스나,반도체
듀오백,기타제조
드래곤플라이,디지털컨텐츠
드림시큐리티,출판·매체복제
드림씨아이에스,기타서비스
드림어스컴퍼니,디지털컨텐츠
디딤이앤에프,숙박·음식
디모아,유통
디바이스이엔지,반도체
디스플레이텍,IT부품
디아이티,IT부품
디알젬,의료·정밀기기
디알텍,의료·정밀기기
디앤씨미디어,디지털컨텐츠
디어유,소프트웨어
디에스앤엘,유통
디에스케이,기계·장비
디에이테크놀로지,기계·장비
디에이피,IT부품
디엔에이링크,기타서비스
디엔에프,화학
디오,의료·정밀기기
디와이디,유통
디와이씨,운송장비·부품
디와이피엔에프,기계·장비
디이엔티,기계·장비
디젠스,운송장비·부품
디지아이,정보기기
디지캡,출판·매체복제
디지털대성,기타서비스
디지틀조선,디지털컨텐츠
디케이락,기계·장비
디케이앤디,화학
디케이티,IT부품
디티앤씨,기타서비스
디티앤씨알오,기타서비스
딜리,정보기기
딥노이드,소프트웨어
라닉스,일반전기전자
라온시큐어,소프트웨어
라온테크,반도체
라온텍,반도체
라온피플,IT부품
라이온켐텍,화학
라이콤,통신장비
라이트론,통신장비
라이프시맨틱스,소프트웨어
라파스,화학
래몽래인,오락·문화
램테크놀러지,반도체
랩지노믹스,기타서비스
러셀,기계·장비
레고켐바이오,기타서비스
레드캡투어,기타서비스
레몬,화학
레뷰코퍼레이션,소프트웨어
레이,의료·정밀기기
레이언스,의료·정밀기기
레이저쎌,반도체
레이크머티리얼즈,화학
레인보우로보틱스,기계·장비
로보로보,디지털컨텐츠
로보스타,기계·장비
로보티즈,소프트웨어
로스웰,금융
로지시스,컴퓨터서비스
로체시스템즈,반도체
루닛,소프트웨어
루멘스,반도체
루트로닉,의료·정밀기기
루트로닉3우C,의료·정밀기기
룽투코리아,디지털컨텐츠
리노공업,반도체
리노스,컴퓨터서비스
리더스 기술투자,금융
리더스코스메틱,화학
리드코프,유통
리메드,의료·정밀기기
리튬포어스,기타제조
리파인,기타서비스
린드먼아시아,금융
링네트,컴퓨터서비스
링크제니시스,소프트웨어
마녀공장,화학
마니커에프앤지,음식료·담배
마음AI,소프트웨어
마이크로디지탈,의료·정밀기기
마이크로컨텍솔,반도체
마이크로투나노,반도체
마크로젠,기타서비스
매일유업,음식료·담배
매일홀딩스,음식료·담배
매커스,유통
맥스트,소프트웨어
머큐리,일반전기전자
멀티캠퍼스,디지털컨텐츠
메가스터디,출판·매체복제
메가스터디교육,기타서비스
메가엠디,기타서비스
메드팩토,기타서비스
메디아나,의료·정밀기기
메디앙스,화학
메디콕스,운송장비·부품
메디톡스,제약
메디포스트,제약
메디프론,유통
메쎄이상,기타서비스
메이슨캐피탈,금융
메지온,기타서비스
메카로,반도체
메타바이오메드,제약
멕아이씨에스,의료·정밀기기
명성티엔에스,IT부품
모니터랩,소프트웨어
모다이노칩,IT부품
모델솔루션,기계·장비
모두투어,기타서비스
모바일어플라이언스,소프트웨어
모베이스,IT부품
모베이스전자,운송장비·부품
모비데이즈,기타서비스
모비릭스,디지털컨텐츠
모비스,소프트웨어
모아데이타,소프트웨어
모아텍,IT부품
모코엠시스,소프트웨어
모트렉스,운송장비·부품
모헨즈,비금속
무림SP,종이·목재
미디어젠,소프트웨어
미래나노텍,IT부품
미래반도체,유통
미래생명자원,음식료·담배
미래에셋드림스팩1호,금융
미래에셋벤처투자,금융
미래에셋비전스팩1호,금융
미래에셋비전스팩2호,금융
미래에셋비전스팩3호,금융
미래컴퍼니,기계·장비
미스터블루,디지털컨텐츠
미코,반도체
미코바이오메드,의료·정밀기기
미투온,디지털컨텐츠
미투젠,출판·매체복제
밀리의서재,디지털컨텐츠
바디텍메드,제약
바른손,유통
바른손이앤에이,오락·문화
바이넥스,제약
바이브컴퍼니,소프트웨어
바이오니아,제약
바이오다인,의료·정밀기기
바이오로그디바이스,IT부품
바이오솔루션,제약
바이오스마트,정보기기
바이오에프디엔씨,제약
바이오인프라,기타서비스
바이오톡스텍,기타서비스
바이오플러스,제약
바이온,유통
바이옵트로,기계·장비
바이젠셀,제약
바텍,의료·정밀기기
박셀바이오,기타서비스
배럴,섬유·의류
백금T&A,통신장비
밸로프,디지털컨텐츠
버넥트,소프트웨어
버킷스튜디오,통신서비스
범한퓨얼셀,일반전기전자
베노티앤알,건설
베뉴지,유통
베셀,반도체
베스파,디지털컨텐츠
벨로크,컴퓨터서비스
보광산업,비금속
보라티알,유통
보로노이,제약
보성파워텍,금속
본느,화학
부방,기타서비스
부스타,금속
뷰노,소프트웨어
뷰웍스,의료·정밀기기
뷰티스킨,화학
브랜드엑스코퍼레이션,인터넷
브레인즈컴퍼니,소프트웨어
브리지텍,컴퓨터서비스
브릿지바이오테라퓨틱스,제약
브이씨,기타제조
브이원텍,기계·장비
브이티,화학
블레이드 Ent,화학
블루콤,IT부품
블리츠웨이,기타제조
비나텍,IT부품
비덴트,통신장비
비디아이,기계·장비
비보존 제약,제약
비비씨,기타제조
비스토스,의료·정밀기기
비씨엔씨,반도체
비씨월드제약,제약
비아트론,반도체
비에이치아이,기계·장비
비엔케이제1호스팩,금융
비엘,기타서비스
비엘팜텍,유통
비엠티,기계·장비
비올,의료·정밀기기
비즈니스온,소프트웨어
비츠로셀,IT부품
비츠로시스,일반전기전자
비츠로테크,금융
비케이홀딩스,IT부품
비투엔,소프트웨어
비트나인,소프트웨어
비트컴퓨터,소프트웨어
비플라이소프트,소프트웨어
비피도,음식료·담배
빅솔론,정보기기
빅텍,의료·정밀기기
빅텐츠,오락·문화
빛샘전자,반도체
사람인,인터넷
산돌,소프트웨어
삼기,운송장비·부품
삼기이브이,운송장비·부품
삼륭물산,종이·목재
삼목에스폼,금속
삼보모터스,운송장비·부품
삼보산업,금속
삼보판지,종이·목재
삼성머스트스팩5호,금융
삼성스팩4호,금융
삼성스팩6호,금융
삼성스팩7호,금융
삼성스팩8호,금융
삼아제약,제약
삼양옵틱스,의료·정밀기기
삼영에스앤씨,일반전기전자
삼영엠텍,금속
삼영이엔씨,통신장비
삼일,운송
삼일기업공사,건설
삼지전자,통신장비
삼진,일반전기전자
삼진엘앤디,IT부품
삼천당제약,제약
삼천리자전거,유통
삼표시멘트,비금속
삼현철강,금속
삼화네트웍스,오락·문화
상보,화학
상상인,컴퓨터서비스
상상인인더스트리,기계·장비
상상인제3호스팩,금융
상상인제4호스팩,금융
상신이디피,IT부품
상신전자,일반전기전자
상아프론테크,화학
상지카일룸,건설
새로닉스,IT부품
새빗켐,화학
샌즈랩,소프트웨어
샘씨엔에스,반도체
샤페론,제약
서남,일반전기전자
서린바이오,유통
서부T&D,숙박·음식
서산,비금속
서암기계공업,기계·장비
서연탑메탈,기계·장비
서울리거,유통
서울바이오시스,IT부품
서울반도체,반도체
서울옥션,유통
서울전자통신,IT부품
서울제약,제약
서원인텍,IT부품
서전기전,일반전기전자
서진시스템,통신장비
서진오토모티브,운송장비·부품
서플러스글로벌,유통
서한,건설
서호전기,일반전기전자
서희건설,건설
석경에이티,화학
선광,운송
선바이오,제약
선익시스템,반도체
선진뷰티사이언스,화학
성광벤드,금속
성도이엔지,기타서비스
성우전자,IT부품
성우테크론,반도체
성우하이텍,운송장비·부품
성일하이텍,화학
성창오토텍,운송장비·부품
성호전자,IT부품
세경하이테크,일반전기전자
세동,운송장비·부품
세림B&G,화학
세명전기,금속
세보엠이씨,건설
세아메카닉스,금속
세운메디칼,제약
세원물산,운송장비·부품
세종메디칼,의료·정밀기기
세종텔레콤,통신서비스
세중,소프트웨어
세진티에스,IT부품
세코닉스,의료·정밀기기
세토피아,금속
세화피앤씨,화학
센서뷰,IT부품
센코,의료·정밀기기
셀레믹스,제약
셀루메드,제약
셀리드,기타서비스
셀리버리,기타서비스
셀바스AI,소프트웨어
셀바스헬스케어,의료·정밀기기
셀바이오휴먼텍,섬유·의류
셀트리온제약,제약
셀트리온헬스케어,유통
셀피글로벌,정보기기
소니드,화학
소룩스,일반전기전자
소마젠,기타서비스
소프트센,컴퓨터서비스
소프트센우,컴퓨터서비스
소프트캠프,출판·매체복제
손오공,유통
솔고바이오,의료·정밀기기
솔본,기타서비스
솔브레인,화학
솔브레인홀딩스,기타서비스
솔트룩스,소프트웨어
솔트웨어,컴퓨터서비스
쇼박스,오락·문화
수산아이앤티,출판·매체복제
수성샐바시온,기계·장비
수젠텍,의료·정밀기기
슈어소프트테크,소프트웨어
슈프리마,일반전기전자
슈프리마에이치큐,컴퓨터서비스
슈피겐코리아,IT부품
스마트레이더시스템,정보기기
스마트솔루션즈,기계·장비
스맥,기계·장비
스카이문스테크놀로지,디지털컨텐츠
스코넥,디지털컨텐츠
스킨앤스킨,반도체
스타플렉스,화학
스톤브릿지벤처스,금융
스튜디오드래곤,오락·문화
스튜디오미르,방송서비스
스튜디오산타클로스,오락·문화
스페코,기계·장비
스피어파워,종이·목재
승일,금속
시공테크,기타서비스
시그네틱스,반도체
시너지이노베이션,의료·정밀기기
시노펙스,IT부품
시스웍,의료·정밀기기
시지트로닉스,반도체
시큐레터,소프트웨어
시큐브,소프트웨어
시큐센,소프트웨어
시티랩스,컴퓨터서비스
신도기연,기계·장비
신라섬유,유통
신라에스지,유통
신라젠,기타서비스
신성델타테크,일반전기전자
신스틸,금속
신신제약,제약
신영스팩7호,금융
신영스팩8호,금융
신영스팩9호,금융
신원종합개발,건설
신일제약,제약
신진에스엠,금속
신테카바이오,출판·매체복제
신한제10호스팩,금융
신한제11호스팩,금융
신한제8호스팩,금융
신한제9호스팩,금융
신화인터텍,IT부품
신화콘텍,IT부품
신흥에스이씨,IT부품
실리콘투,유통
심텍,반도체
심텍홀딩스,IT부품
싸이맥스,반도체
싸이버원,소프트웨어
싸이토젠,기타서비스
쌍용정보통신,컴퓨터서비스
썸에이지,출판·매체복제
쎄노텍,비금속
쎄니트,금속
쎄트렉아이,통신장비
쎌바이오텍,제약
쏠리드,통신장비
씨씨에스,방송서비스
씨아이에스,기계·장비
씨앤씨인터내셔널,화학
씨앤지하이테크,반도체
씨앤투스,섬유·의류
씨에스베어링,기계·장비
씨엔알리서치,기타서비스
씨엔플러스,IT부품
씨유메디칼,의료·정밀기기
씨유박스,소프트웨어
씨유테크,IT부품
씨이랩,소프트웨어
씨젠,제약
씨케이에이치,금융
씨큐브,화학
씨티씨바이오,제약
씨티케이,화학
씨티프라퍼티,유통
아가방컴퍼니,유통
아나패스,반도체
아난티,숙박·음식
아리온,통신장비
아모그린텍,IT부품
아모센스,IT부품
아모텍,IT부품
아미노로직스,유통
아미코젠,음식료·담배
아바코,기계·장비
아바텍,IT부품
아비코전자,일반전기전자
아세아텍,기계·장비
아셈스,화학
아스타,제약
아스트,운송장비·부품
아스플로,기계·장비
아시아경제,디지털컨텐츠
아시아종묘,"농업, 임업 및 어업"
아우딘퓨쳐스,화학
아이디스,통신장비
아이디스홀딩스,기타서비스
아이디피,정보기기
아이비김영,기타서비스
아이센스,의료·정밀기기
아이스크림에듀,출판·매체복제
아이쓰리시스템,일반전기전자
아이씨디,반도체
아이씨에이치,기타제조
아이앤씨,반도체
아이에스이커머스,유통
아이에이,반도체
아이엘사이언스,일반전기전자
아이엠,IT부품
아이엠티,기계·장비
아이오케이,오락·문화
아이윈,운송장비·부품
아이윈플러스,반도체
아이즈비전,통신장비
아이진,기타서비스
아이컴포넌트,IT부품
아이퀘스트,소프트웨어
아이큐어,제약
아이크래프트,컴퓨터서비스
아이텍,반도체
아이톡시,유통
아이티센,컴퓨터서비스
아이티아이즈,소프트웨어
아이티엠반도체,반도체
아이패밀리에스씨,화학
아주IB투자,금융
아즈텍WB,섬유·의류
아진산업,운송장비·부품
아진엑스텍,반도체
아톤,소프트웨어
아프리카TV,소프트웨어
안국약품,제약
안랩,소프트웨어
안트로젠,유통
알로이스,통신장비
알리코제약,제약
알멕,금속
알비더블유,오락·문화
알서포트,디지털컨텐츠
알에스오토메이션,IT부품
알에프세미,반도체
알에프텍,통신장비
알엔투테크놀로지,정보기기
알체라,소프트웨어
알테오젠,기타서비스
알톤스포츠,운송장비·부품
알티캐스트,소프트웨어
알파홀딩스,반도체
알피바이오,제약
압타머사이언스,기타서비스
압타바이오,기타서비스
애니젠,제약
애니플러스,오락·문화
애드바이오텍,제약
애머릿지,유통
액션스퀘어,디지털컨텐츠
액토즈소프트,디지털컨텐츠
액트로,IT부품
앤디포스,비금속
앤씨앤,반도체
앱코,정보기기
앱클론,제약
야스,IT부품
양지사,출판·매체복제
어보브반도체,반도체
어스앤에어로스페이스,운송장비·부품
얼라인드,의료·정밀기기
에너토크,기계·장비
에브리봇,일반전기전자
에스넷,컴퓨터서비스
에스디생명공학,화학
에스디시스템,정보기기
에스바이오메딕스,제약
에스비비테크,기계·장비
에스씨디,일반전기전자
에스씨엠생명과학,제약
에스아이리소스,화학
에스앤더블류,기계·장비
에스앤디,음식료·담배
에스앤에스텍,반도체
에스에너지,IT부품
에스에스알,소프트웨어
에스에이엠티,유통
에스에이티,통신장비
에스에이티이엔지,IT부품
에스에프에이,기계·장비
에스엔유,기계·장비
에스엘에너지,반도체
에스엠,오락·문화
에스엠코어,기계·장비
에스와이,금속
에스유홀딩스,유통
에스제이그룹,섬유·의류
에스케이증권제10호스팩,금융
에스케이증권제8호스팩,금융
에스케이증권제9호스팩,금융
에스코넥,IT부품
에스텍,일반전기전자
에스텍파마,제약
에스트래픽,소프트웨어
에스티아이,반도체
에스티오,섬유·의류
에스티큐브,IT부품
에스티팜,제약
에스폴리텍,화학
에스퓨얼셀,일반전기전자
에스피시스템스,기계·장비
에스피지,IT부품
에쎈테크,기계·장비
에이디엠코리아,기타서비스
에이디칩스,기타제조
에이디테크놀로지,반도체
에이루트,정보기기
에이비엘바이오,제약
에이비온,기타서비스
에이비프로바이오,기계·장비
에이스침대,기타제조
에이스테크,통신장비
에이스토리,오락·문화
에이에프더블류,일반전기전자
에이엘티,반도체
에이치시티,기타서비스
에이치앤비디자인,일반전기전자
에이치엘사이언스,음식료·담배
에이치와이티씨,IT부품
에이치케이,기계·장비
에이치피오,음식료·담배
에이테크솔루션,기계·장비
에이텍,정보기기
에이텍모빌리티,정보기기
에이트원,출판·매체복제
에이티넘인베스트,금융
에이티세미콘,반도체
에이팩트,반도체
에이프로,일반전기전자
에이프로젠 H&G,유통
에이프릴바이오,기타서비스
에이피티씨,기계·장비
에치에프알,통신장비
에코마케팅,기타서비스
에코바이오,기타서비스
에코볼트,운송장비·부품
에코앤드림,화학
에코캡,운송장비·부품
에코프로,금융
에코프로비엠,일반전기전자
에코프로에이치엔,화학
에코플라스틱,운송장비·부품
에프알텍,통신장비
에프앤가이드,기타서비스
에프에스티,반도체
에프엔씨엔터,오락·문화
에프엔에스테크,기계·장비
엑사이엔씨,건설
엑서지21,유통
엑세스바이오,제약
엑셈,소프트웨어
엑스게이트,소프트웨어
엑스큐어,소프트웨어
엑스페릭스,일반전기전자
엑시콘,반도체
엔바이오니아,기타제조
엔브이에이치코리아,운송장비·부품
엔비티,기타서비스
엔시스,일반전기전자
엔시트론,반도체
엔에이치스팩20호,금융
엔에이치스팩23호,금융
엔에이치스팩24호,금융
엔에이치스팩25호,금융
엔에이치스팩26호,금융
엔에이치스팩27호,금융
엔에이치스팩28호,금융
엔에이치스팩29호,금융
엔에프씨,화학
엔젠바이오,기타서비스
엔젯,기계·장비
엔지스테크널러지,소프트웨어
엔지켐생명과학,제약
엔케이맥스,제약
엔켐,화학
엔터파트너즈,화학
엔텔스,소프트웨어
엔투텍,기계·장비
엔피,기타서비스
엔피디,IT부품
엔피케이,화학
엘디티,반도체
엘아이에스,반도체
엘앤씨바이오,제약
엘앤에프,일반전기전자
엘앤케이바이오,의료·정밀기기
엘엠에스,IT부품
엘오티베큠,반도체
엘컴텍,IT부품
엘티씨,반도체
엠게임,디지털컨텐츠
엠로,소프트웨어
엠벤처투자,금융
엠브레인,기타서비스
엠아이큐브솔루션,소프트웨어
엠아이텍,의료·정밀기기
엠에스씨,음식료·담배
엠에스오토텍,운송장비·부품
엠에프엠코리아,섬유·의류
엠젠솔루션,정보기기
엠케이전자,반도체
엠투아이,정보기기
엠투엔,금속
엠플러스,기계·장비
연우,화학
영림원소프트랩,소프트웨어
영우디에스피,반도체
영풍정밀,기계·장비
영화테크,운송장비·부품
예림당,출판·매체복제
예선테크,화학
예스24,인터넷
예스티,반도체
오가닉티코스메틱,금융
오공,화학
오디텍,반도체
오로라,기타서비스
오로스테크놀로지,기계·장비
오르비텍,기타서비스
오리엔탈정공,기계·장비
오리엔트정공,운송장비·부품
오리콤,기타서비스
오브젠,소프트웨어
오비고,소프트웨어
오상자이엘,소프트웨어
오성첨단소재,IT부품
오션브릿지,반도체
오스코텍,제약
오스테오닉,의료·정밀기기
오스템,운송장비·부품
오에스피,음식료·담배
오이솔루션,통신장비
오킨스전자,반도체
오텍,운송장비·부품
오토앤,유통
오파스넷,소프트웨어
오픈놀,소프트웨어
오픈베이스,컴퓨터서비스
오픈엣지테크놀로지,소프트웨어
오하임앤컴퍼니,유통
올리패스,제약
올릭스,기타서비스
옴니시스템,의료·정밀기기
옵투스제약,제약
옵트론텍,IT부품
옵티시스,통신장비
옵티코어,통신장비
옵티팜,제약
와이더플래닛,출판·매체복제
와이랩,디지털컨텐츠
와이솔,반도체
와이씨켐,반도체
와이아이케이,반도체
와이어블,통신서비스
와이엔텍,기타서비스
와이엠,금속
와이엠씨,IT부품
와이엠텍,일반전기전자
와이엠티,화학
와이오엠,유통
와이제이엠게임즈,IT부품
와이즈버즈,기타서비스
와이지-원,금속
와이지엔터테인먼트,오락·문화
와이팜,IT부품
와토스코리아,화학
우듬지팜,음식료·담배
우리기술,일반전기전자
우리기술투자,금융
우리넷,통신장비
우리로,유통
우리바이오,일반전기전자
우리산업,운송장비·부품
우리산업홀딩스,운송장비·부품
우리손에프앤지,음식료·담배
우리엔터프라이즈,유통
우리이앤엘,반도체
우림피티에스,기계·장비
우수AMS,운송장비·부품
우양,음식료·담배
우원개발,건설
우정바이오,기타서비스
우주일렉트로,IT부품
우진비앤지,제약
원바이오젠,제약
원익,유통
원익IPS,반도체
원익QnC,비금속
원익머트리얼즈,반도체
원익큐브,유통
원익피앤이,기계·장비
원익홀딩스,기계·장비
원일특강,금속
원준,기계·장비
원텍,의료·정밀기기
원티드랩,소프트웨어
원풍,화학
원풍물산,섬유·의류
월덱스,반도체
웨스트라이즈,유통
웨이버스,출판·매체복제
웨이브일렉트로,IT부품
웰크론,섬유·의류
웰크론한텍,건설
웰킵스하이텍,반도체
웹스,화학
웹젠,디지털컨텐츠
웹케시,금융
위니아,일반전기전자
위니아에이드,유통
위닉스,일반전기전자
위더스제약,제약
위드텍,의료·정밀기기
위메이드,디지털컨텐츠
위메이드맥스,디지털컨텐츠
위메이드플레이,디지털컨텐츠
위세아이텍,출판·매체복제
위즈코프,유통
위지윅스튜디오,오락·문화
위지트,기계·장비
윈스,소프트웨어
윈텍,기계·장비
윈팩,반도체
윈하이텍,금속
윌링스,일반전기전자
윙스풋,유통
윙입푸드,금융
유니셈,반도체
유니슨,기계·장비
유니온커뮤니티,일반전기전자
유니크,운송장비·부품
유니테스트,반도체
유니테크노,운송장비·부품
유니트론텍,유통
유라테크,일반전기전자
유바이오로직스,제약
유비벨록스,소프트웨어
유비온,소프트웨어
유비케어,소프트웨어
유비쿼스,통신장비
유비쿼스홀딩스,금융
유성티엔에스,운송
유신,기타서비스
유아이디,IT부품
유아이엘,IT부품
유안타제10호스팩,금융
유안타제11호스팩,금융
유안타제12호스팩,금융
유안타제13호스팩,금융
유안타제14호스팩,금융
유안타제9호스팩,금융
유에스티,금속
유일로보틱스,기계·장비
유일에너테크,기계·장비
유진기업,비금속
유진로봇,기계·장비
유진스팩6호,금융
유진스팩7호,금융
유진스팩8호,금융
유진스팩9호,금융
유진테크,반도체
유티아이,IT부품
유틸렉스,제약
육일씨엔에쓰,IT부품
윤성에프앤씨,기계·장비
율촌,금속
율호,소프트웨어
이건홀딩스,종이·목재
이글루,소프트웨어
이글벳,유통
이노뎁,소프트웨어
이노룰스,소프트웨어
이노메트리,기계·장비
이노시뮬레이션,디지털컨텐츠
이노시스,의료·정밀기기
이노와이어리스,통신장비
이노인스트루먼트,통신장비
이노진,화학
이노테라피,제약
이녹스,운송장비·부품
이녹스첨단소재,IT부품
이니텍,소프트웨어
이라이콤,IT부품
이랜시스,일반전기전자
이랜텍,IT부품
이루다,의료·정밀기기
이루온,소프트웨어
이미지스,반도체
이베스트투자증권,금융
이브이첨단소재,IT부품
이삭엔지니어링,컴퓨터서비스
이상네트웍스,인터넷
이수앱지스,제약
이스트소프트,소프트웨어
이스트아시아홀딩스,금융
이씨에스,정보기기
이엔에프테크놀로지,화학
이엔코퍼레이션,디지털컨텐츠
이엘피,반도체
이엠넷,기타서비스
이엠앤아이,IT부품
이엠코리아,금속
이엠텍,IT부품
이오테크닉스,반도체
이오플로우,의료·정밀기기
이원컴포텍,운송장비·부품
이즈미디어,의료·정밀기기
이지바이오,음식료·담배
이지케어텍,소프트웨어
이지트로닉스,일반전기전자
이지홀딩스,음식료·담배
이큐셀,기계·장비
이크레더블,기타서비스
이트론,정보기기
이퓨쳐,출판·매체복제
이화공영,건설
이화전기,IT부품
인바디,의료·정밀기기
인바이오,화학
인베니아,기계·장비
인벤티지랩,제약
인산가,음식료·담배
인선이엔티,기타서비스
인성정보,컴퓨터서비스
인스웨이브시스템즈,소프트웨어
인지디스플레,IT부품
인지소프트,소프트웨어
인카금융서비스,금융
인콘,통신장비
인크로스,기타서비스
인탑스,IT부품
인터로조,의료·정밀기기
인터엠,일반전기전자
인터플렉스,IT부품
인텍플러스,반도체
인텔리안테크,일반전기전자
인트로메딕,의료·정밀기기
인트론바이오,제약
인포마크,통신장비
인포바인,통신서비스
인포뱅크,통신서비스
인피니트헬스케어,소프트웨어
인화정공,운송장비·부품
일승,운송장비·부품
일신바이오,기계·장비
일월지엠엘,유통
일지테크,운송장비·부품
일진파워,건설
잉글우드랩,화학
잉크테크,화학
자람테크놀로지,통신장비
자비스,기계·장비
자연과환경,비금속
자이글,일반전기전자
자이언트스텝,오락·문화
장원테크,통신장비
재영솔루텍,IT부품
저스템,반도체
전진바이오팜,화학
정다운,음식료·담배
정상제이엘에스,기타서비스
정원엔시스,컴퓨터서비스
제너셈,반도체
제넥신,기타서비스
제넨바이오,유통
제노레이,의료·정밀기기
제노코,통신장비
제노포커스,제약
제놀루션,제약
제닉,화학
제로투세븐,유통
제룡산업,금속
제룡전기,IT부품
제우스,기계·장비
제이브이엠,기계·장비
제이스코홀딩스,금속
제이스텍,반도체
제이시스메디칼,의료·정밀기기
제이씨케미칼,화학
제이씨현시스템,유통
제이아이테크,반도체
제이앤티씨,일반전기전자
제이에스티나,기타제조
제이엔케이히터,기계·장비
제이엘케이,소프트웨어
제이엠아이,출판·매체복제
제이엠티,IT부품
제이오,기타서비스
제이티,반도체
제일바이오,제약
제일전기공업,일반전기전자
제일테크노스,금속
제주맥주,음식료·담배
제주반도체,반도체
제테마,제약
젠큐릭스,제약
젬백스,기계·장비
젬백스링크,유통
조광ILI,기계·장비
조아제약,제약
조이시티,디지털컨텐츠
좋은사람들,섬유·의류
주성엔지니어링,반도체
줌인터넷,인터넷
중앙백신,제약
중앙에너비스,유통
중앙첨단소재,화학
지노믹트리,기타서비스
지놈앤컴퍼니,제약
지니너스,기타서비스
지니뮤직,디지털컨텐츠
지니언스,소프트웨어
지니틱스,반도체
지더블유바이텍,유통
지란지교시큐리티,출판·매체복제
지씨셀,기타서비스
지아이이노베이션,기타서비스
지아이텍,기계·장비
지앤비에스 에코,기계·장비
지어소프트,소프트웨어
지에스이,전기·가스·수도
지엔씨에너지,일반전기전자
지엔코,섬유·의류
지엘팜텍,기타서비스
지오릿에너지,기타서비스
지오엘리먼트,일반전기전자
지투파워,일반전기전자
지티지웰니스,의료·정밀기기
진로발효,음식료·담배
진매트릭스,기타서비스
진바이오텍,유통
진성티이씨,기계·장비
진시스템,의료·정밀기기
진양제약,제약
진영,화학
차바이오텍,제약
차백신연구소,기타서비스
참좋은여행,기타서비스
창해에탄올,음식료·담배
천보,화학
청담글로벌,유통
체리부로,음식료·담배
초록뱀미디어,오락·문화
칩스앤미디어,반도체
카나리아바이오,음식료·담배
카스,유통
카이노스메드,기타서비스
카카오게임즈,디지털컨텐츠
카페24,인터넷
캐리소프트,오락·문화
캐스텍코리아,운송장비·부품
캠시스,IT부품
커넥트웨이브,인터넷
커머스마이너,유통
컬러레이,금융
컴투스,디지털컨텐츠
컴투스홀딩스,디지털컨텐츠
컴퍼니케이,금융
케스피온,통신장비
케어랩스,기타서비스
케어젠,제약
케이디켐,화학
케이바이오,유통
케이비제21호스팩,금융
케이비제22호스팩,금융
케이비제23호스팩,금융
케이사인,소프트웨어
케이씨에스,컴퓨터서비스
케이씨티,컴퓨터서비스
케이씨피드,음식료·담배
케이아이엔엑스,인터넷
케이알엠,반도체
케이에스피,기계·장비
케이엔더블유,운송장비·부품
케이엔솔,기계·장비
케이엔제이,반도체
케이엘넷,통신서비스
케이엠,섬유·의류
케이엠더블유,통신장비
케이엠제약,화학
케이옥션,유통
케이티알파,유통
케이프,운송장비·부품
케이피에스,반도체
케이피에프,금속
케이피엠테크,화학
케이피티유,금속
케일럼,금속
켄코아에어로스페이스,운송장비·부품
켐트로닉스,화학
켐트로스,화학
코나아이,소프트웨어
코난테크놀로지,소프트웨어
코닉오토메이션,소프트웨어
코다코,운송장비·부품
코데즈컴바인,섬유·의류
코드네이처,유통
코디,화학
코렌텍,의료·정밀기기
코리아나,화학
코리아에셋투자증권,금융
코리아에프티,운송장비·부품
코맥스,통신장비
코메론,의료·정밀기기
코미코,반도체
코미팜,제약
코세스,반도체
코센,금속
코스나인,화학
코스맥스엔비티,음식료·담배
코스메카코리아,화학
코스온,화학
코스텍시스,반도체
코아스템켐온,제약
코아시아,IT부품
코아시아씨엠,의료·정밀기기
코어라인소프트,소프트웨어
코엔텍,기타서비스
코오롱생명과학,제약
코오롱티슈진,제약
코웰패션,유통
코위버,통신장비
코윈테크,기계·장비
코이즈,IT부품
코츠테크놀로지,정보기기
코콤,통신장비
코텍,정보기기
코퍼스코리아,오락·문화
콜마비앤에이치,제약
쿠콘,소프트웨어
퀀타매트릭스,의료·정밀기기
큐라클,기타서비스
큐라티스,기타서비스
큐렉소,유통
큐로컴,컴퓨터서비스
큐로홀딩스,유통
큐리언트,기타서비스
큐리옥스바이오시스템즈,의료·정밀기기
큐브엔터,오락·문화
큐알티,기타서비스
큐에스아이,반도체
큐캐피탈,금융
크라우드웍스,소프트웨어
크레버스,기타서비스
크루셜텍,IT부품
크리스에프앤씨,섬유·의류
크리스탈신소재,금융
크린앤사이언스,기계·장비
클라우드에어,반도체
클래시스,의료·정밀기기
클리노믹스,기타서비스
클리오,화학
키네마스터,소프트웨어
키움제6호스팩,금융
키움제7호스팩,금융
키움제8호스팩,금융
키이스트,오락·문화
타이거일렉,반도체
탑머티리얼,일반전기전자
탑엔지니어링,기계·장비
탑코미디어,통신장비
태광,금속
태성,기계·장비
태양,금속
태웅,금속
태웅로직스,운송
테고사이언스,제약
테라사이언스,금속
테라젠이텍스,제약
테스,반도체
테크엘,반도체
테크윙,반도체
텔레칩스,반도체
텔레필드,통신장비
텔콘RF제약,통신장비
토마토시스템,소프트웨어
토박스코리아,유통
토비스,정보기기
토탈소프트,소프트웨어
톱텍,기계·장비
투비소프트,소프트웨어
툴젠,기타서비스
트루엔,정보기기
트루윈,일반전기전자
트윔,소프트웨어
특수건설,건설
티라유텍,소프트웨어
티로보틱스,기계·장비
티비씨,방송서비스
티사이언티픽,디지털컨텐츠
티쓰리,디지털컨텐츠
티씨케이,반도체
티앤알바이오팹,제약
티앤엘,제약
티에스넥스젠,기계·장비
티에스아이,기계·장비
티에스이,반도체
티에프이,반도체
티엔엔터테인먼트,방송서비스
티엘비,일반전기전자
티엘아이,반도체
티움바이오,기타서비스
티이엠씨,반도체
티케이케미칼,화학
티플랙스,금속
티피씨글로벌,운송장비·부품
팅크웨어,통신장비
파나케이아,기계·장비
파두,반도체
파라다이스,오락·문화
파라텍,기계·장비
파로스아이바이오,기타서비스
파루,IT부품
파마리서치,제약
파멥신,제약
파버나인,일반전기전자
파세코,일반전기전자
파수,소프트웨어
파워넷,일반전기전자
파워로직스,IT부품
파이버프로,의료·정밀기기
파이오링크,통신장비
파인디앤씨,IT부품
파인디지털,통신장비
파인엠텍,IT부품
파인테크닉스,일반전기전자
파인텍,IT부품
파커스,IT부품
파크시스템스,의료·정밀기기
파트론,IT부품
판타지오,오락·문화
팜스빌,음식료·담배
팜스토리,음식료·담배
패션플랫폼,섬유·의류
팬스타엔터프라이즈,기계·장비
팬엔터테인먼트,오락·문화
팬젠,제약
팸텍,반도체
펄어비스,디지털컨텐츠
펌텍코리아,화학
펨트론,기계·장비
펩트론,제약
포메탈,금속
포바이포,디지털컨텐츠
포스코DX,기타서비스
포스코엠텍,금속
포시에스,소프트웨어
포인트모바일,일반전기전자
포인트엔지니어링,금속
포커스에이치엔에스,일반전기전자
폴라리스세원,운송장비·부품
폴라리스오피스,소프트웨어
폴라리스우노,화학
푸드나무,유통
푸드웰,음식료·담배
푸른기술,정보기기
푸른저축은행,금융
풍강,금속
풍국주정,음식료·담배
풍원정밀,IT부품
퓨런티어,의료·정밀기기
퓨쳐켐,제약
프럼파스트,화학
프레스티지바이오로직스,제약
프로이천,일반전기전자
프로테옴텍,의료·정밀기기
프로텍,반도체
프롬바이오,음식료·담배
프리시젼바이오,의료·정밀기기
프리엠스,일반전기전자
플라즈맵,의료·정밀기기
플래스크,건설
플래티어,소프트웨어
플랜티넷,컴퓨터서비스
플레이디,기타서비스
플레이위드,디지털컨텐츠
플리토,디지털컨텐츠
피델릭스,반도체
피씨디렉트,유통
피씨엘,제약
피앤씨테크,일반전기전자
피에스케이,반도체
피에스케이홀딩스,반도체
피에스텍,의료·정밀기기
피에이치씨,유통
피에이치에이,운송장비·부품
피엔에이치테크,화학
피엔케이피부임상연구센타,기타서비스
피엔티,기계·장비
피엠티,의료·정밀기기
피제이메탈,금속
피제이전자,의료·정밀기기
피코그램,기타제조
피플바이오,제약
피피아이,일반전기전자
픽셀플러스,반도체
핀텔,소프트웨어
필에너지,기계·장비
필옵틱스,IT부품
핌스,IT부품
핑거,소프트웨어
핑거스토리,디지털컨텐츠
하나26호스팩,금융
하나27호스팩,금융
하나28호스팩,금융
하나29호스팩,금융
하나금융21호스팩,금융
하나금융22호스팩,금융
하나금융23호스팩,금융
하나금융24호스팩,금융
하나금융25호스팩,금융
하나기술,기계·장비
하나마이크론,반도체
하나머스트7호스팩,금융
하나머티리얼즈,반도체
하림,음식료·담배
하림지주,금융
하이드로리튬,금속
하이딥,반도체
하이로닉,의료·정밀기기
하이록코리아,금속
하이비젼시스템,의료·정밀기기
하이소닉,IT부품
하이제6호스팩,금융
하이제7호스팩,금융
하이제8호스팩,금융
하이즈항공,운송장비·부품
하이텍팜,제약
하인크코리아,기타제조
하츠,일반전기전자
한국가구,유통
한국경제TV,방송서비스
한국기업평가,기타서비스
한국맥널티,음식료·담배
한국비엔씨,제약
한국선재,금속
한국알콜,화학
한국유니온제약,제약
한국전자금융,기타서비스
한국전자인증,소프트웨어
한국정밀기계,기계·장비
한국정보공학,유통
한국정보인증,소프트웨어
한국정보통신,통신서비스
한국제11호스팩,금융
한국제12호스팩,금융
한국캐피탈,금융
한국컴퓨터,IT부품
한국큐빅,화학
한국테크놀로지,유통
한국파마,제약
한국팩키지,종이·목재
한글과컴퓨터,소프트웨어
한네트,통신서비스
한독크린텍,기계·장비
한라IMS,운송장비·부품
한빛소프트,디지털컨텐츠
한솔아이원스,IT부품
한솔인티큐브,컴퓨터서비스
한송네오텍,기계·장비
한스바이오메드,제약
한싹,소프트웨어
한양디지텍,반도체
한양이엔지,기타서비스
한일단조,운송장비·부품
한일사료,음식료·담배
한일진공,기계·장비
한일화학,화학
한주라이트메탈,금속
한창산업,금속
한컴위드,소프트웨어
한탑,음식료·담배
한화플러스제2호스팩,금융
한화플러스제3호스팩,금융
한화플러스제4호스팩,금융
해성산업,금융
해성산업1우,금융
해성옵틱스,IT부품
해성티피씨,금속
핸디소프트,소프트웨어
헝셩그룹,금융
헥토이노베이션,소프트웨어
헥토파이낸셜,소프트웨어
헬릭스미스,기타서비스
현대공업,운송장비·부품
현대무벡스,기계·장비
현대바이오,화학
현대바이오랜드,화학
현대에버다임,기계·장비
현대에이치티,통신장비
현대이지웰,기타서비스
현우산업,IT부품
협진,기계·장비
형지I&C,섬유·의류
홈센타홀딩스,유통
홈캐스트,통신장비
화성밸브,기계·장비
화신정공,운송장비·부품
화인써키트,반도체
화일약품,제약
효성오앤비,화학
휴네시온,소프트웨어
휴럼,음식료·담배
휴림네트웍스,통신장비
휴림로봇,기계·장비
휴림에이텍,운송장비·부품
휴마시스,제약
휴맥스,통신장비
휴맥스홀딩스,컴퓨터서비스
휴메딕스,제약
휴비츠,의료·정밀기기
휴센텍,의료·정밀기기
휴엠앤씨,기타제조
휴온스,제약
휴온스글로벌,제약
휴젤,제약
흥구석유,유통
흥국,기계·장비
흥국에프엔비,음식료·담배
희림,기타서비스
힘스,반도체